Categoria,Produto Nº,Link do Produto,Link de Afiliado,Preço Anterior,Preço Atual,Status,Data/Hora,Detalhes
cozinha,1,https://www.magazinevoce.com.br/magazineblackriseco/armario-de-cozinha-compacta-aramoveis-cleo-8-portas/p/235418000/mo/mcoz/,,"R$ 680,00","ou R$ 522,49",REVISAR,21/08/2026 09:15:33,Não foi possível obter o link de afiliado.
cozinha,2,https://www.magazinevoce.com.br/magazineblackriseco/armario-de-cozinha-compacta-rustic-preto-emilly-pop-madesa-xa/p/gb8e3b0ahd/mo/moac/,https://magazineluiza.onelink.me/589508454/nk0eeuch,"R$ 889,99","ou R$ 710,99",OK,21/08/2026 09:15:49,Link de afiliado obtido com sucesso.
cozinha,3,https://www.magazinevoce.com.br/magazineblackriseco/armario-de-cozinha-compacto-8-portas-2-gavetass-com-nicho-vogue-kits-parana/p/jhfe09bh6k/mo/moac/,https://magazineluiza.onelink.me/589508454/53vlf84b,"R$ 615,88","ou R$ 431,11",OK,21/08/2026 09:15:58,Link de afiliado obtido com sucesso.
cozinha,4,https://www.magazinevoce.com.br/magazineblackriseco/armario-de-cozinha-completa-com-armario-e-balcao-229cm-emilly-madesa/p/chk99b55ka/mo/moac/,https://magazineluiza.onelink.me/589508454/delyqvg9,"R$ 919,99","ou R$ 737,99",OK,21/08/2026 09:16:09,Link de afiliado obtido com sucesso.
cozinha,5,https://www.magazinevoce.com.br/magazineblackriseco/armario-de-cozinha-aereo-itatiaia-rose-arm-105-3-portas-105x40cm/p/237989400/mo/moac/,,"R$ 300,00","ou R$ 256,49",REVISAR,21/08/2026 09:16:33,Não foi possível obter o link de afiliado.
cozinha,6,https://www.magazinevoce.com.br/magazineblackriseco/armario-de-cozinha-compacta-196cm-aura-madesa/p/bba6734eeh/mo/moac/,https://magazineluiza.onelink.me/589508454/e1k0pbkp,"R$ 799,99","ou R$ 611,99",OK,21/08/2026 09:16:44,Link de afiliado obtido com sucesso.
cozinha,7,https://www.magazinevoce.com.br/magazineblackriseco/armario-de-cozinha-compacta-demobile-select-com-balcao-nicho-para-micro-ondas-6-portas-2-gavetas/p/234470600/mo/moac/,,"R$ 1.099,00","ou R$ 759,99",REVISAR,21/08/2026 09:17:10,Não foi possível obter o link de afiliado.
cozinha,8,https://www.magazinevoce.com.br/magazineblackriseco/armario-de-cozinha-compacta-itatiaia-amanda-aco-com-balcao-10-portas-1-gaveta/p/237989500/mo/moac/,,"R$ 1.199,00","ou R$ 989,99",REVISAR,21/08/2026 09:17:33,Não foi possível obter o link de afiliado.
cozinha,9,https://www.magazinevoce.com.br/magazineblackriseco/armario-de-cozinha-compacta-sofia-multimoveis-preta/p/cj42317a5a/mo/moac/,https://magazineluiza.onelink.me/589508454/ktwblbe0,,"ou R$ 494,99",OK,21/08/2026 09:17:51,Link de afiliado obtido com sucesso.
cozinha,10,https://www.magazinevoce.com.br/magazineblackriseco/armario-de-cozinha-compacta-120cm-life-madesa/p/fd42g9196f/mo/moac/,https://magazineluiza.onelink.me/589508454/c2ocbzve,"R$ 539,99","ou R$ 443,69",OK,21/08/2026 09:18:04,Link de afiliado obtido com sucesso.
cozinha,11,https://www.magazinevoce.com.br/magazineblackriseco/armario-de-cozinha-compacta-196cm-aura-madesa-xl/p/hd7fh94a6j/mo/moac/,https://magazineluiza.onelink.me/589508454/xddw0uy8,"R$ 739,99","ou R$ 611,99",OK,21/08/2026 09:18:17,Link de afiliado obtido com sucesso.
cozinha,12,https://www.magazinevoce.com.br/magazineblackriseco/armario-de-cozinha-compacta-smart-multimoveis-mp2183/p/dac4chdd96/mo/moac/,https://magazineluiza.onelink.me/589508454/ey1ubse9,,"ou R$ 594,99",OK,21/08/2026 09:18:36,Link de afiliado obtido com sucesso.
